Player Name,Team,Running Sets,Setting Errors,Still Sets,Sets Per Match
Fernando,BRA,507,3,611,33.80
Giannelli,ITA,350,4,596,23.33
Sanchez Pages,ARG,346,5,556,28.83
Yenipazar,TUR,290,0,632,24.17
Komenda,POL,274,1,473,24.91
Brizard,FRA,271,2,278,30.11
Arshia,IRI,266,6,447,22.17
Planinšič,SLO,252,1,428,21.00
Gomez,CUB,247,2,531,19.00
Shchytkov,UKR,239,3,417,19.92
Yu Y.C.,CHN,234,3,407,18.00
Zimmermann,GER,230,0,547,19.17
Oya,JPN,203,5,334,15.62
Tizi-Oualou,FRA,200,3,317,22.22
Elgert,CAN,200,2,377,16.67
S. Nikolov,BUL,199,1,461,18.09
Todorović,SRB,187,1,439,15.58
Keemink,NED,178,3,372,14.83
Berkhout,NED,173,1,313,14.42
Herr,CAN,165,1,264,13.75
Ma'a,USA,165,1,306,20.62
Firlej,POL,158,3,255,14.36
Najdič,SLO,152,2,335,10.13
Eiro,JPN,146,1,354,13.27
Jovović,SRB,128,2,170,16.00
Thondike,CUB,122,3,290,9.38
Wang H.B.,CHN,117,3,262,9.00
Sbertoli,ITA,110,0,125,10.00
Palev,BUL,106,1,181,8.83
Synytsia,UKR,99,3,201,12.38
Javad,IRI,90,2,193,7.50
Tille,GER,88,1,154,14.67
Rowan,USA,80,0,196,10.00
Isaacson,USA,68,1,159,8.50
Giraudo,ARG,62,3,161,5.17
Matheus G.,BRA,45,0,135,3.00
Vinčić,SLO,38,2,52,4.75
Yevstratov,UKR,30,0,52,7.50
Burggräf,GER,25,1,102,2.08
Chaboissant,FRA,21,0,50,5.25
Shimokawa,JPN,17,0,21,8.50
Toniutti,FRA,16,0,20,3.20
Kozub,POL,12,0,24,1.50
Ji D.S.,CHN,6,1,26,0.46
Mašulović N.,SRB,6,1,13,0.50
A. Nikolov,BUL,6,1,36,0.50
Z. Štern,SLO,6,1,25,0.55
Michieletto,ITA,6,0,44,0.55
Sasak,POL,5,0,26,0.33
Koops,NED,5,0,48,0.42
Ivović,SRB,5,2,61,0.42
Palonsky,ARG,5,0,50,0.42
Amin,IRI,5,1,22,0.50
Kovačič,SLO,5,1,66,0.36
Masso,CUB,5,0,34,0.38
Lopez,CUB,5,0,34,0.38
Qu Z.S.,CHN,4,2,58,0.31
Boninfante,ITA,4,0,44,1.00
Briggs,USA,4,1,18,0.50
Champlin,USA,4,0,20,0.33
Diez,FRA,4,0,53,0.31
Maique,BRA,4,0,90,0.27
Röhrs,GER,4,0,41,0.33
McCarthy,CAN,4,0,20,0.36
Bisset,CUB,4,0,6,0.31
Yant,CUB,4,1,38,0.31
Klok,NED,3,1,70,0.25
Tuinstra,NED,3,0,24,0.25
Ristić,SRB,3,1,44,0.25
B. Bayraktar,TUR,3,0,77,0.25
Bozhilov,BUL,3,0,45,0.25
Boiko,UKR,3,0,91,0.25
Robinson,USA,3,0,23,0.25
Daneshdoust,IRI,3,0,4,0.25
Graven,GER,3,0,71,0.25
Mohwinkel,GER,3,0,40,0.25
Možič,SLO,3,1,55,0.20
Szalpuk,POL,2,1,32,0.14
Gierżot,POL,2,0,3,0.25
Nowak J.,POL,2,0,10,0.14
Ahyi,NED,2,0,22,0.17
Jiang C.,CHN,2,0,12,0.15
Yu Y.T.,CHN,2,3,32,0.17
Ogawa,JPN,2,1,80,0.15
Kai,JPN,2,0,6,0.17
Sato,JPN,2,0,10,0.15
Nedeljković,SRB,2,0,11,0.17
M. Lagumdzija,TUR,2,0,13,0.17
Gargiulo,ITA,2,0,10,0.13
Porro L.,ITA,2,0,17,0.13
Yanchuk,UKR,2,0,36,0.17
Semeniuk,UKR,2,0,12,0.17
Tupchii,UKR,2,0,22,0.17
Todua,UKR,2,0,9,0.17
Garcia,USA,2,1,12,0.17
Huetz,FRA,2,1,7,0.15
Pothron,FRA,2,1,13,0.17
Honorato,BRA,2,0,32,0.13
Hazrat,IRI,2,0,39,0.17
Arman,IRI,2,0,36,0.17
Morteza,IRI,2,0,22,0.20
Gyimah,CAN,2,1,7,0.17
Hofer,CAN,2,0,29,0.17
Currie,CAN,2,0,40,0.17
Kozamernik,SLO,2,1,14,0.13
Okroglič,SLO,2,1,8,0.13
Alan,BRA,2,0,16,0.18
Grozdanov,BUL,2,1,11,0.25
Nishiyama,JPN,2,0,3,0.22
Semeniuk,POL,2,0,44,0.18
Ran,JPN,2,0,15,0.40
Ishikawa,JPN,2,0,11,0.50
Grebennikov,FRA,2,0,24,0.40
Granieczny,POL,1,1,38,0.07
Jakubiszak,POL,1,0,6,0.07
Meijs,NED,1,0,4,0.08
Wiltenburg,NED,1,0,3,0.08
Zhang Z.J.,CHN,1,0,10,0.08
Rao S.H.,CHN,1,1,5,0.08
Li T. Y.,CHN,1,0,17,0.08
Miyaura,JPN,1,2,14,0.08
Nikolić,SRB,1,0,3,0.08
Luburić,SRB,1,0,24,0.08
Brborić,SRB,1,0,10,0.09
Gürbüz,TUR,1,1,6,0.25
Bedirhan,TUR,1,0,23,0.08
Mandıracı,TUR,1,1,38,0.08
Yüksel,TUR,1,0,8,0.09
Hilmi,TUR,1,0,14,0.12
Petkov,BUL,0,1,4,0.00
Antov,BUL,1,0,6,0.08
Laurenzano,ITA,1,0,29,0.12
Bottolo,ITA,1,0,12,0.07
Romanò,ITA,1,0,11,0.09
Anzani,ITA,1,0,12,0.09
Koval,UKR,1,0,0,0.08
Hobus,USA,1,0,8,0.08
Knigge,USA,1,0,7,0.08
Luengas,ARG,1,0,7,0.08
Clevenot,FRA,1,1,39,0.08
Faure,FRA,1,0,28,0.08
Gueye,FRA,1,0,7,0.08
Arthur,BRA,1,0,5,0.08
L. Bergmann,BRA,1,0,29,0.07
Flavio,BRA,1,1,8,0.07
Mohammad,IRI,1,0,9,0.09
Eisa,IRI,1,0,13,0.10
Peter,GER,1,0,9,0.08
Maase,GER,1,0,6,0.12
Torwie,GER,1,0,5,0.08
Young,CAN,1,1,14,0.08
Lui,CAN,1,0,12,0.08
T. Štern,SLO,1,0,18,0.07
Marovt,SLO,1,1,4,0.07
Mergarejo,CUB,1,2,6,0.08
Garcia,CUB,1,1,42,0.11
Alonso,CUB,1,0,2,0.08
Varga,CAN,1,0,15,0.10
Kulpinac,SRB,1,0,0,0.14
Pampushko,UKR,1,0,3,0.12
Louati,FRA,1,0,15,0.11
Martinez Gion,NED,1,0,1,0.12
Armoa Morel,ARG,1,0,7,0.12
D. Dimitrov,BUL,1,0,2,0.25
Balaso,ITA,1,1,33,0.09
Lavia,ITA,1,0,30,0.09
Milanović,SRB,1,0,5,0.25
Pasteur,USA,1,0,3,0.25
Danani,ARG,1,0,36,0.25
Lucarelli,BRA,1,0,12,0.14
A. Lagumdzija,TUR,1,0,4,0.25
Popiwczak,POL,1,0,32,0.14
Leon,POL,1,0,9,0.14
Fornal,POL,1,0,17,0.14
Nasevich,POL,0,0,2,0.00
Czunkiewicz,POL,0,4,19,0.00
Szymura,POL,0,0,14,0.00
Hawryluk,POL,0,0,9,0.00
Zaleszczyk,POL,0,0,0,0
Poręba,POL,0,1,8,0.00
Korenblek,NED,0,0,2,0.00
Van Der Ent,NED,0,0,7,0.00
Parkinson,NED,0,0,0,0
Wijkstra,NED,0,0,1,0.00
Bak,NED,0,0,2,0.00
Lipke,NED,0,0,1,0.00
Wen Z. H.,CHN,0,0,16,0.00
Li Y.Z.,CHN,0,0,13,0.00
Zhai D.J.,CHN,0,0,9,0.00
Peng S.K.,CHN,0,0,3,0.00
Wang B.,CHN,0,1,13,0.00
Otsuka,JPN,0,1,21,0.00
Tomita,JPN,0,1,29,0.00
Murayama,JPN,0,0,1,0.00
Nishimoto,JPN,0,0,3,0.00
Soshi,JPN,0,0,3,0.00
Larry,JPN,0,1,6,0.00
Keihan,JPN,0,0,1,0.00
Yamazaki,JPN,0,0,4,0.00
Mašulović V.,SRB,0,0,19,0.00
Negic,SRB,0,0,9,0.00
Perić,SRB,0,0,9,0.00
Gajović,SRB,0,0,4,0.00
Kokeza,SRB,0,0,0,0
Tümer,TUR,0,0,0,0
Ertuğrul Gazi,TUR,0,0,0,0
Savaş,TUR,0,0,4,0.00
Gulmezoglu,TUR,0,1,19,0.00
Hatipoğlu,TUR,0,0,5,0.00
Bayram,TUR,0,0,1,0.00
Georgiev,BUL,0,0,0,0
Atanasov,BUL,0,0,6,0.00
Nachev,BUL,0,0,0,0
Asparuhov,BUL,0,1,35,0.00
Karyagin,BUL,0,0,0,0
Tatarov,BUL,0,0,7,0.00
Zhelev,BUL,0,0,7,0.00
Recine,ITA,0,0,3,0.00
Sani,ITA,0,0,7,0.00
Rychlicki,ITA,0,1,17,0.00
Cortesia,ITA,0,0,0,0
Sanguinetti,ITA,0,0,0,0
Pace,ITA,0,1,11,0.00
Kovalov,UKR,0,0,43,0.00
Poluian,UKR,0,1,6,0.00
Nalozhnyi,UKR,0,0,0,0
Kisiliuk,UKR,0,0,6,0.00
Chelenyak,UKR,0,0,0,0
Uryvkin,UKR,0,0,0,0
Jendryk,USA,0,0,13,0.00
Dagostino,USA,0,1,34,0.00
Gasman,USA,0,0,1,0.00
Flexen,USA,0,0,5,0.00
McHenry,USA,0,1,7,0.00
Ewert,USA,0,0,21,0.00
Conde,ARG,0,0,3,0.00
Martinez Franchi,ARG,0,1,30,0.00
Gallego,ARG,0,0,3,0.00
Scarpa,ARG,0,0,0,0
Gomez,ARG,0,0,9,0.00
Loser Bruno,ARG,0,0,9,0.00
Kukartsev,ARG,0,0,6,0.00
Vicentin,ARG,0,0,28,0.00
Maciel,ARG,0,0,0,0
Zerba,ARG,0,0,4,0.00
Strehlau,FRA,0,0,0,0
Henno,FRA,0,0,6,0.00
Magnin,FRA,0,0,0,0
Ramon,FRA,0,0,6,0.00
Feral,FRA,0,0,0,0
Duflos Rossi,FRA,0,0,1,0.00
Adriano,BRA,0,0,9,0.00
Sabino,BRA,0,0,0,0
Judson,BRA,0,2,10,0.00
Thiery,BRA,0,0,0,0
Maicon,BRA,0,0,2,0.00
Alexandre,BRA,0,0,0,0
Darlan,BRA,0,0,5,0.00
Saadat,IRI,0,0,7,0.00
Poriya,IRI,0,0,13,0.00
Esfandiar,IRI,0,0,13,0.00
Yousef,IRI,0,1,5,0.00
Haghparast,IRI,0,0,2,0.00
Kunstmann,GER,0,0,0,0
John,GER,0,0,16,0.00
Eckardt,GER,0,0,1,0.00
Böhme,GER,0,0,3,0.00
Meier,GER,0,0,0,0
Korreck,GER,0,0,0,0
J. Elser,CAN,0,0,3,0.00
Greves,CAN,0,0,0,0
Sclater,CAN,0,0,4,0.00
Wassenaar Ketrzynski,CAN,0,1,12,0.00
Schnitzer,CAN,0,0,4,0.00
Heslinga,CAN,0,0,16,0.00
Bračko,SLO,0,0,12,0.00
Štalekar,SLO,0,0,6,0.00
Urnaut,SLO,0,0,12,0.00
Mujanović,SLO,0,0,11,0.00
Kržič,SLO,0,0,2,0.00
Concepcion,CUB,0,0,9,0.00
Gonzalez,CUB,0,0,0,0
Camino,CUB,0,0,7,0.00
J. Gutierrez,CUB,0,1,11,0.00
Fiel,CUB,0,0,6,0.00
Matheus,BRA,0,0,4,0.00
Chizoba,BRA,0,0,0,0
Matin,IRI,0,0,0,0
Matić,TUR,0,0,7,0.00
Diaz,ARG,0,0,0,0
Ariakhah,IRI,0,0,0,0
Dilmenler,TUR,0,0,5,0.00
Tevkun,UKR,0,0,1,0.00
Chinenyeze,FRA,0,0,3,0.00
Patry,FRA,0,0,0,0
Krage,GER,0,0,5,0.00
Brand,GER,0,0,32,0.00
Thiago,CUB,0,0,0,0
Šen,SLO,0,0,2,0.00
Plak,NED,0,0,4,0.00
Miwa,JPN,0,0,1,0.00
Galassi,ITA,0,0,4,0.00
Śliwka,POL,0,0,7,0.00
Adamczyk,POL,0,0,3,0.00
Gomułka,POL,0,0,1,0.00
Stefanović,SRB,0,0,0,0
Miao R.T.,CHN,0,0,2,0.00
Ensing,USA,0,0,4,0.00
Holdaway,USA,0,0,0,0
Shoji,USA,0,0,30,0.00
Kirkit,TUR,0,0,1,0.00
Goto,JPN,0,0,0,0
Can Koç,TUR,0,0,0,0
Telkiyski,BUL,0,0,0,0
Onodera,JPN,0,1,2,0.00
Yamamoto,JPN,0,0,3,0.00
Lima B.,ARG,0,0,0,0
Muhammed K.,TUR,0,0,0,0
Marshman,USA,0,0,0,0
Grozer,GER,0,0,0,0
Krick,GER,0,0,0,0
Le Goff,FRA,0,0,1,0.00
de Groot,NED,0,0,1,0.00
D. Kolev,BUL,0,0,3,0.00
Simón,CUB,0,1,17,0.00
Bovolenta,ITA,0,0,1,0.00
Caneschi,ITA,0,0,1,0.00
Kochanowski,POL,0,0,6,0.00
Bołądź,POL,0,0,1,0.00
Canham,CAN,0,0,1,0.00
Pajenk,SLO,0,0,2,0.00
Salazar,ARG,0,0,2,0.00
Yamauchi,JPN,0,0,0,0
Carle,FRA,0,0,0,0
Howe,CAN,0,0,1,0.00
Bednorz,POL,0,0,6,0.00
